,layer_id,name,D,Lambda,M,N,Q,alpha,alpha_weighted,best_fit,entropy,has_esd,lambda_max,layer_type,log_alpha_norm,log_norm,log_spectral_norm,longname,matrix_rank,max_rand_eval,norm,num_evals,num_fingers,num_pl_spikes,rand_W_scale,rand_bulk_max,rand_bulk_min,rand_distance,rand_mp_softrank,rand_num_spikes,rand_sigma_mp,rank_loss,rf,sigma,spectral_norm,stable_rank,sv_max,warning,weak_rank_loss,ww_maxdist,ww_softrank,xmax,xmin
0,4,Conv2d,0.13942828453335,-1.0,12.0,48.0,4.0,1.9661099072865658,5.59324335259089,power_law,0.7066375050368837,True,699.5639295991191,LAYER_TYPE.CONV2D,6.132701952866588,3.7222389744820865,2.8448274086112217,model.0.conv.conv,108.0,445.3445224634157,5275.200542746523,108.0,0.0,30.0,0.14308443419681477,53.89608056702357,5.988453396335953,0.20810175700842445,0.12102109231948853,21.0,0.700292899996638,0.0,9.0,0.17638672975002556,699.5639295991191,7.540698311545944,26.449270870841016,over-trained,0.0,152.49369448732443,0.7820160702472038,699.5639295991191,38.00352254403982
0,7,Conv2d,0.161742140098877,-1.0,48.0,96.0,2.0,1.495245311730123,0.6176863282171801,power_law,0.8367149257600762,True,2.5888108950221373,LAYER_TYPE.CONV2D,2.0670212543238207,2.078442581251325,0.4131003276662782,model.1.conv,432.0,1.6204706931105737,119.79607284690098,432.0,0.0,324.0,1.8989808395194117,0.7013347667441128,0.0206453679303724,0.228222062904219,0.4327969458045959,24.0,0.9315851981662119,0.0,9.0,0.02751362842945128,2.5888108950221373,46.274555270626124,1.6089782145890408,over-trained,0.0,1.2719621253426092,0.5086693555761892,2.5888108950221373,0.019907734862278034
0,16,Conv2d,0.12242026127479355,-1.0,96.0,96.0,1.0,5.615513764002491,4.485931059910324,power_law,0.8334877952761255,True,6.292830914521196,LAYER_TYPE.CONV2D,4.671898570776971,1.9597503753550922,0.7988460626108322,model.2.cv4.conv,96.0,3.8363817659753994,91.14867825778467,96.0,0.0,9.0,1.0262671526891691,3.8611482881202863,0.0,0.11253806697550073,1.0064556980133048,0.0,1.0082974613245645,0.0,1.0,1.5385045880008301,6.292830914521196,14.484526836316547,2.5085515570785457,success,0.0,2.6732843983509187,0.5751857256831568,6.292830914521196,3.0731799326772355
0,26,Conv2d,0.11517599772503373,-1.0,48.0,48.0,1.0,2.742991089373221,0.042998232269122055,power_law,0.812504786134864,True,1.0367538894704589,LAYER_TYPE.CONV2D,0.7650390045545065,1.4180712233515989,0.01567567333182524,model.2.m.0.cv2.conv,432.0,0.47226347837235394,26.186124197550782,432.0,0.0,40.0,4.061685211736303,0.2485820226865728,0.0,0.1632160593663032,0.5263630030069348,12.0,1.0125375192371444,0.0,9.0,0.2755910891898741,1.0367538894704589,25.257801743985574,1.0182111222484553,success,4.0,0.5492205657722076,0.4702498140106018,1.0367538894704589,0.18537760667779354
0,33,Conv2d,0.10910425803701407,-1.0,48.0,48.0,1.0,2.8614945594564722,0.18217307895512191,power_law,0.8517846670073658,True,1.1578801583779212,LAYER_TYPE.CONV2D,0.8366092175661813,1.5735231243763443,0.06366361185384356,model.2.m.1.cv2.conv,432.0,0.6596652256167134,37.45614903479262,432.0,0.0,64.0,3.3960987599610406,0.35594352557461134,0.0,0.10518173575960416,0.5395820664062501,11.0,1.0130732882272793,0.0,9.0,0.23268681993205903,1.1578801583779212,32.348899636785454,1.0760483996447006,success,1.0,0.5565233021661945,0.5193601875466713,1.1578801583779212,0.19154989247180276
0,36,Conv2d,0.10542651679577042,-1.0,96.0,192.0,2.0,3.57872261151687,-0.7970423696280439,power_law,0.8942599800849027,True,0.59880166381303,LAYER_TYPE.CONV2D,0.05973196272719921,1.669166816815904,-0.22271700160918903,model.3.conv,864.0,0.22947969616269437,46.68386632384937,864.0,0.0,67.0,4.302030279717118,0.1536097719653103,0.004521849493711921,0.17025288790263413,0.669382845340729,20.0,0.9876935042216944,0.0,9.0,0.31504110859805634,0.59880166381303,77.96215198631438,0.7738227599476705,success,0.0,0.3658294701144905,0.38906403869192124,0.59880166381303,0.17355881517190563
0,40,Conv2d,0.14270046812825532,-1.0,96.0,192.0,2.0,2.6157724843561674,1.5806385991599092,power_law,0.8767360983599763,True,4.020427195531459,LAYER_TYPE.CONV2D,2.2271364808808998,1.8065123131294463,0.6042722020409047,model.4.cv1.conv,96.0,2.512075768908149,64.04899405008456,96.0,0.0,32.0,1.224276349660341,1.9723650333726623,0.05806100558228409,0.13478981932329873,0.7851534805536271,5.0,1.007192352974739,0.0,1.0,0.28563092013572017,4.020427195531459,15.9308926477446,2.005100295628989,success,0.0,1.8242128503600097,0.546263926284364,4.020427195531459,0.7309439295593347
0,42,Conv2d,0.24385477765876135,-1.0,96.0,192.0,2.0,9.32688959391447,-1.5042168128183564,lognormal,0.8889081143305139,True,0.6897990102148033,LAYER_TYPE.CONV2D,-1.0284829810892886,1.2280236851731874,-0.16127743313267215,model.4.cv2,96.0,0.5440280626687468,16.905331259485262,96.0,0.0,9.0,2.3829985272006873,0.5126761228458508,0.015091775977977692,0.11674722859363794,0.9423707305297855,0.0,0.9995042199363059,0.0,1.0,2.7756298646381565,0.6897990102148033,24.50761889933844,0.8305413958465907,under-trained,0.0,0.17167073004376698,0.7511293470973396,0.6897990102148033,0.5172768429127421
0,43,Conv2d,0.18821261999149064,-1.0,96.0,96.0,1.0,4.547837095703642,-1.2962637712221314,lognormal,0.8775543854581136,True,0.5187658406740578,LAYER_TYPE.CONV2D,-0.5934806541477909,1.0953567576296013,-0.2850286287621684,model.4.cv3,96.0,0.5171660149500535,12.455373567346879,96.0,0.0,20.0,2.7762414732979006,0.5284888127903604,0.0,0.037950304712613,1.021893932534218,0.0,1.0091254084464691,0.0,1.0,0.793320491908877,0.5187658406740578,24.00962552037544,0.7202540112169163,success,1.0,-0.005232703767082847,1.0100868317780596,0.5187658406740578,0.2595800582215785
0,45,Conv2d,0.15817176060473342,-1.0,192.0,192.0,1.0,5.239406878294405,3.2991239742888716,power_law,0.8522328063405525,True,4.262604955948587,LAYER_TYPE.CONV2D,3.7280256854320553,2.054965486832627,0.629675085543813,model.4.cv4.conv,192.0,2.404549772805078,113.49206205088876,192.0,0.0,16.0,1.3006722389713916,2.4083083494457984,0.0,0.11723534662558809,1.0015631103515632,0.0,1.0092387591128245,0.0,1.0,1.0598517195736012,4.262604955948587,26.62504811582583,2.064607700254115,success,0.0,1.9541060388146976,0.5415699885377163,4.262604955948587,2.1171841142139
0,52,Conv2d,0.11863109721377775,-1.0,96.0,96.0,1.0,4.783877084037956,6.1427232267259715,power_law,0.8377971048947289,True,19.2330005314738,LAYER_TYPE.CONV2D,6.358981249388897,2.4261730837022384,1.284047043604441,model.4.m.0.cv1.conv,96.0,11.387951778046173,266.79217260694446,96.0,0.0,10.0,0.5998588556371413,11.303588647578,0.0,0.09787862794387352,0.9925918960571286,0.0,1.0083870304766318,0.0,1.0,1.1965669971676296,19.2330005314738,13.87158348851252,4.3855444965789365,success,0.0,6.8472096545714045,0.6439864053782818,19.2330005314738,8.243901035206019
0,55,Conv2d,0.09549248851019265,-1.0,96.0,96.0,1.0,2.310889553057656,-0.7328847435245167,power_law,0.8471923004902838,True,0.4817880297857555,LAYER_TYPE.CONV2D,0.34404959577000005,1.403508489000143,-0.31714399442188806,model.4.m.0.cv2.conv,864.0,0.1834152875128035,25.322611320069406,864.0,0.0,152.0,5.841207400143193,0.11996300527629732,0.0,0.18259782727646606,0.6540512893066406,11.0,1.0115708351322004,0.0,9.0,0.10632718312124156,0.4817880297857555,52.55965228386853,0.6941095229038106,success,5.0,0.313349397101518,0.34961149358388977,0.4817880297857555,0.04555884422974591
0,59,Conv2d,0.1320590878320066,-1.0,96.0,96.0,1.0,5.812891933265333,6.981135000319501,power_law,0.8648648181651654,True,15.884534891825318,LAYER_TYPE.CONV2D,7.206180990368839,2.435452136729498,1.2009745029610277,model.4.m.1.cv1.conv,96.0,13.71519653865436,272.5537342940603,96.0,0.0,9.0,0.5934847284321844,11.554191075677595,0.0,0.04410651584090881,0.8424371494140623,5.0,1.008670513255463,0.0,1.0,1.6042973110884444,15.884534891825318,17.15843341653806,3.9855407276585844,success,0.0,2.7099104236187284,0.829399447823094,15.884534891825318,8.362383685002216
0,62,Conv2d,0.1207959128038899,-1.0,96.0,96.0,1.0,2.4369407717332607,-0.7021606670977657,power_law,0.8781950846018202,True,0.5150720454686992,LAYER_TYPE.CONV2D,0.5200751848311471,1.6023806991658829,-0.2881320199663112,model.4.m.1.cv2.conv,864.0,0.2986594022946389,40.02954919253458,864.0,0.0,198.0,4.645864313012105,0.18939142020506156,0.0,0.11760976830407387,0.634138482666016,10.0,1.0109197385225566,0.0,9.0,0.10211893396470496,0.5150720454686992,77.71640791747679,0.7176851994215147,success,5.0,0.23190065839917473,0.5497704438839183,0.5150720454686992,0.06400945950876248
0,66,Conv2d,0.15832500729881793,-1.0,96.0,96.0,1.0,5.123333505677555,4.8472333800410325,lognormal,0.862350078398331,True,8.833021369774276,LAYER_TYPE.CONV2D,5.2135143271804685,2.206241879441114,0.9461092811290628,model.4.m.2.cv1.conv,96.0,8.44944247073162,160.78364849981745,96.0,0.0,14.0,0.7727066979520987,6.820008441089723,0.0,0.050366796649708154,0.807154846572876,4.0,1.0089674068073882,0.0,1.0,1.1020072335464939,8.833021369774276,18.202565324929832,2.97203993408135,success,0.0,0.7173774211102462,0.9187845935066974,8.833021369774276,4.302094816336499
0,69,Conv2d,0.11570997291500784,-1.0,96.0,96.0,1.0,2.7128996485202235,-0.22587835387148641,power_law,0.8798880696311755,True,0.8255419396975567,LAYER_TYPE.CONV2D,0.989164143135724,1.8378948895951392,-0.08326085854104257,model.4.m.2.cv2.conv,864.0,0.459813341381468,68.84856449914636,864.0,0.0,146.0,3.542496472321724,0.32533205249610386,0.0,0.11899161201916265,0.7075306939086908,9.0,1.0102825630113779,0.0,9.0,0.14176058357002633,0.8255419396975567,83.398021576432,0.9085933852376192,success,2.0,0.36957468708658936,0.5523247586646104,0.8255419396975567,0.1497675140801032
0,73,Conv2d,0.16972337787798564,-1.0,96.0,96.0,1.0,6.212616456913929,4.44322092270247,power_law,0.8632319456122434,True,5.190308599956315,LAYER_TYPE.CONV2D,4.764489603652386,1.9886339329167775,0.7151931804445574,model.4.m.3.cv1.conv,96.0,5.088809026903422,97.4168164616844,96.0,0.0,10.0,0.992701435884243,4.125156202711518,0.0,0.0475528338078689,0.8106329360961904,5.0,1.0081121603954415,0.0,1.0,1.6483740572724965,5.190308599956315,18.768983497918473,2.2782248791452337,under-trained,0.0,0.2542883473574058,0.9510070851356418,5.190308599956315,2.9883643428500086
0,76,Conv2d,0.12215189885732824,-1.0,96.0,96.0,1.0,3.5189804267777607,0.40934105485764544,power_law,0.882909406832299,True,1.3071449992303692,LAYER_TYPE.CONV2D,1.3159586847328173,2.0105677954011565,0.1163237657540677,model.4.m.3.cv2.conv,864.0,0.6441680790812112,102.46317176330514,864.0,0.0,78.0,2.9038419406478733,0.48433841929862415,0.0,0.11033937315259185,0.7518820553627013,7.0,1.0104560718127493,0.0,9.0,0.28521836867002104,1.3071449992303692,78.38699748201935,1.143304421066572,success,5.0,0.6478469702609828,0.5043801792131499,1.3071449992303692,0.36621469000867307
0,80,Conv2d,0.12817622162265097,-1.0,96.0,96.0,1.0,6.858181993945434,3.5506801868259092,power_law,0.8707852527987797,True,3.2940415291770595,LAYER_TYPE.CONV2D,3.7564567097306294,1.7925118147519983,0.5177290701764016,model.4.m.4.cv1.conv,96.0,3.3399922461173945,62.01715148628031,96.0,0.0,8.0,1.2441699539322717,2.631159470873734,0.0,0.03356960630787604,0.7877741255035398,4.0,1.0090746568704478,0.0,1.0,2.071180106671873,3.2940415291770595,18.827070313765557,1.8149494563698074,under-trained,1.0,0.4246695833893259,0.8710794689053541,3.2940415291770595,1.9437018178827927
0,83,Conv2d,0.12211832021971547,-1.0,96.0,96.0,1.0,2.8296966568123842,0.6954231446007348,power_law,0.8912862993269908,True,1.7609981609924419,LAYER_TYPE.CONV2D,1.942228361349772,2.2338569056336506,0.2457589024344821,model.4.m.4.cv2.conv,864.0,1.042648634182735,171.33926739592377,864.0,0.0,162.0,2.245579414543446,0.8075848106172557,0.0,0.09231249652465302,0.7745512573852545,6.0,1.0090030842024547,0.0,9.0,0.14375454594959913,1.7609981609924419,97.29667593710744,1.327026058897278,success,2.0,0.710351685886623,0.5966198593380179,1.7609981609924419,0.3551659859382761
0,87,Conv2d,0.166623200970276,-1.0,96.0,96.0,1.0,7.448998927819923,2.2116479569643346,power_law,0.8709434408214782,True,1.9810954173884172,LAYER_TYPE.CONV2D,2.416499934886011,1.579447328349581,0.2969053933817133,model.4.m.5.cv1.conv,96.0,1.804864923636457,37.970588508550804,96.0,0.0,7.0,1.5900542879601147,1.6094518128004782,0.0,0.033111187482668655,0.8917297863807677,2.0,1.0086046030959983,0.0,1.0,2.4374924811905285,1.9810954173884172,19.166461229114145,1.4075139137459414,under-trained,0.0,0.37466210430600033,0.8108813432116766,1.9810954173884172,1.2607683461748964
0,90,Conv2d,0.11159319816136049,-1.0,96.0,96.0,1.0,4.41382723120117,1.9983179581251558,power_law,0.8904510837012333,True,2.836223243000992,LAYER_TYPE.CONV2D,2.930953846584487,2.4300630632321374,0.4527404117676209,model.4.m.5.cv2.conv,864.0,1.4881403257529595,269.1925665923629,864.0,0.0,46.0,1.791535175412826,1.2706566651503728,0.0,0.0979854792527086,0.8538554080963127,3.0,1.0097397502527503,0.0,9.0,0.5033413649431567,2.836223243000992,94.91233359597311,1.6841090353658792,success,2.0,1.2687237644703364,0.5526714028589982,2.836223243000992,1.2161311520521945
0,93,Conv2d,0.1251674995287057,-1.0,192.0,384.0,2.0,4.9610571938248285,0.3689381804802493,lognormal,0.9174647036544603,True,1.1867707855023046,LAYER_TYPE.CONV2D,1.633850535583681,2.4448369978270454,0.07436684683649229,model.5.conv,1728.0,0.6386642718175102,278.50756600909585,1728.0,0.0,98.0,2.4908832381167767,0.45954427281550714,0.013527720344759615,0.14436138227074824,0.7195396597146988,36.0,0.9891368043599642,0.0,9.0,0.400127200345899,1.1867707855023046,234.67679640531142,1.0893900979457747,success,0.0,0.5378855520059388,0.5467654254917668,1.1867707855023046,0.5816219846518705
0,97,Conv2d,0.08333333333333393,-1.0,192.0,384.0,2.0,5.707290021328987,3.744367852250682,lognormal,0.8875037658335649,True,4.5296804184298844,LAYER_TYPE.CONV2D,3.85406936389508,2.0391401189895806,0.6560675624083279,model.6.cv1.conv,192.0,1.5874473712756738,109.43093728084536,192.0,0.0,12.0,1.3245872026897891,1.6325072926498878,0.048056527786637035,0.15455534147807087,1.0283851434633728,0.0,0.9913966164338028,0.0,1.0,1.358877580483965,4.5296804184298844,24.158644136483524,2.1283045877951503,success,0.0,2.917916874763755,0.35582279427669034,4.5296804184298844,1.8958718433831792
0,99,Conv2d,0.11853435410713675,-1.0,192.0,384.0,2.0,7.2215389501703,-0.7025460477941463,power_law,0.8909719347590696,True,0.7993098954550731,LAYER_TYPE.CONV2D,-0.48229467555287486,1.405081798295817,-0.09728481043193414,model.6.cv2,192.0,0.441312428943621,25.414513365719856,192.0,0.0,13.0,2.7485884374300693,0.3916973295009502,0.011530492809351816,0.14765092378630384,0.8875737545814526,1.0,1.0076839306880037,0.0,1.0,1.7255444382411858,0.7993098954550731,31.795569540960763,0.8940413275990508,under-trained,0.0,0.33781360274767874,0.5773684215990464,0.7993098954550731,0.448105532535773
0,100,Conv2d,0.14285714285714324,-1.0,192.0,192.0,1.0,11.732057940671842,-2.4843858471172875,power_law,0.8668228046891183,True,0.6141006426404078,LAYER_TYPE.CONV2D,-2.357926500210469,1.328973000846546,-0.21176044813967376,model.6.cv3,192.0,0.4511070974194218,21.32912310455924,192.0,0.0,7.0,3.0002960755352714,0.45145959367276145,0.0,0.0882041430436334,1.0007814025878912,0.0,1.0079606117645703,0.0,1.0,4.056336623850525,0.6141006426404078,34.73229243475764,0.783645737971188,under-trained,1.0,0.15474183300898486,0.7480187736921237,0.6141006426404078,0.4423405259564311
0,102,Conv2d,0.12499999999999867,-1.0,384.0,384.0,1.0,7.718054996624009,8.554661309586775,power_law,0.8556726688526212,True,12.835003843269172,LAYER_TYPE.CONV2D,8.746872524728838,2.7151152048566445,1.1083960030511197,model.6.cv4.conv,384.0,6.1353823821503415,518.9376787439709,384.0,0.0,8.0,0.8602169776718683,5.489699670671434,0.0,0.14897875669432575,0.8947608036041256,1.0,1.0077488401824632,0.0,1.0,2.3751911222485025,12.835003843269172,40.43143929529152,3.5825973599148946,under-trained,1.0,6.783035088396824,0.47152060324828593,12.835003843269172,7.904249774355268
0,109,Conv2d,0.09623344294110214,-1.0,192.0,192.0,1.0,6.539969596553086,8.069683348702148,power_law,0.8325726103269853,True,17.13571667005662,LAYER_TYPE.CONV2D,8.23445247679227,2.5817016529766166,1.233902272719326,model.6.m.0.cv1.conv,192.0,10.833634019108686,381.68197691446306,192.0,0.0,11.0,0.7092507241134446,8.064282360579327,0.0,0.14911646797759867,0.7443746342506408,1.0,1.0070537593252396,0.0,1.0,1.6703636819766516,17.13571667005662,22.274059746880834,4.139530972230625,under-trained,0.0,6.1081338732519175,0.643543716853966,17.13571667005662,8.860052220721945
0,112,Conv2d,0.09751361061834346,-1.0,192.0,192.0,1.0,2.253848836698536,-0.9118914910456185,power_law,0.8560809418281076,True,0.393919053087318,LAYER_TYPE.CONV2D,0.4251385356982403,1.5745227299536606,-0.4045930127156921,model.6.m.0.cv2.conv,1728.0,0.1046533960440621,37.54246028002933,1728.0,0.0,296.0,6.784385294019285,0.08842299820577904,0.0,0.21309372188683887,0.8449128413238536,6.0,1.0087025686777975,0.0,9.0,0.07287848330394472,0.393919053087318,95.3050125039458,0.6276297101693944,success,14.0,0.2854700263745662,0.27530789857151816,0.393919053087318,0.03346441026179476
0,116,Conv2d,0.09999999999999898,-1.0,192.0,192.0,1.0,7.313079076236169,7.995253094356765,power_law,0.8653967541647106,True,12.395994294405952,LAYER_TYPE.CONV2D,8.134098051163297,2.5234547456219816,1.0932813676714257,model.6.m.1.cv1.conv,192.0,9.73918014680161,333.7757232371695,192.0,0.0,10.0,0.7584435136884148,7.044806037877712,0.0,0.08495512711264706,0.7233469277381893,1.0,1.006532415702924,0.0,1.0,1.9963708929658064,12.395994294405952,26.92609526190209,3.520794554416084,under-trained,0.0,2.1953773992141112,0.82289622380636,12.395994294405952,6.770147027638237
0,119,Conv2d,0.0976488562129178,-1.0,192.0,192.0,1.0,2.899209498973309,-0.5931419533368208,power_law,0.8905699374595345,True,0.6243275851948047,LAYER_TYPE.CONV2D,0.678045191186619,1.9482480005886533,-0.20458747584362877,model.6.m.1.cv2.conv,1728.0,0.24505104485990986,88.76627604617988,1728.0,0.0,233.0,4.4121256179814035,0.2088721279236417,0.0,0.13470866278385352,0.8523617111816406,4.0,1.008226524539976,0.0,9.0,0.12442135115114526,0.6243275851948047,142.17900690465686,0.7901440281333554,success,12.0,0.3801109956905996,0.3911673859933706,0.6243275851948047,0.1164162422618183
0,123,Conv2d,0.0916026436157577,-1.0,192.0,192.0,1.0,6.206883098416338,6.019636140266742,lognormal,0.8664199218047043,True,9.328941487661817,LAYER_TYPE.CONV2D,6.122618113892882,2.3438621293495494,0.9698323691326858,model.6.m.2.cv1.conv,192.0,7.3182572992637995,220.73038935050067,192.0,0.0,11.0,0.9326518363604468,4.669059591707334,0.0,0.08032275424418923,0.6380015625,1.0,1.007637362510263,0.0,1.0,1.569934324062742,9.328941487661817,23.66081828709422,3.054331594254595,under-trained,0.0,2.3360240472885643,0.7495938793936996,9.328941487661817,4.295784531485993
0,126,Conv2d,0.1049362073297721,-1.0,192.0,192.0,1.0,2.6030290151781825,-0.02831864190131546,power_law,0.8908385553975229,True,0.9752610706214343,LAYER_TYPE.CONV2D,1.3692386376855765,2.1538886412429528,-0.010879111118696843,model.6.m.2.cv2.conv,1728.0,0.42015074822397047,142.52420961235578,1728.0,0.0,321.0,3.4819902319186817,0.33527600114294176,0.0,0.13586388746127287,0.797989775241851,4.0,1.008088793235844,0.0,9.0,0.08947235469073027,0.9752610706214343,146.13954550809626,0.9875530723062099,success,7.0,0.5832210254963638,0.40198471664132296,0.9752610706214343,0.13987383938031545
0,130,Conv2d,0.11111111111111005,-1.0,192.0,192.0,1.0,6.957196362292286,5.246718372042722,lognormal,0.8681886033428197,True,5.6773102959066994,LAYER_TYPE.CONV2D,5.374633317155252,2.171039918423002,0.7541426314312066,model.6.m.3.cv1.conv,192.0,4.091733458137847,148.2654357897168,192.0,0.0,9.0,1.137969586311558,3.1365386171320204,0.0,0.0777500363429504,0.7665549697265626,1.0,1.0076877497154477,0.0,1.0,1.9857321207640952,5.6773102959066994,26.115436370743225,2.3827107033600825,under-trained,0.0,1.3001347287644789,0.7709945976174903,5.6773102959066994,3.0454804744729125
0,133,Conv2d,0.11372745455576905,-1.0,192.0,192.0,1.0,3.242585052596024,0.22734327615493347,power_law,0.8916638138478139,True,1.1751998809096018,LAYER_TYPE.CONV2D,1.6056371317585256,2.2890156755598836,0.0701117387724099,model.6.m.3.cv2.conv,1728.0,0.524420347898252,194.54302993207295,1728.0,0.0,161.0,2.9803277824974357,0.45818943737956697,0.0,0.13183907064433872,0.873706444107056,2.0,1.0086873450608196,0.0,9.0,0.17674046168271873,1.1751998809096018,165.54037580526057,1.0840663637017809,success,6.0,0.6556769795390548,0.4420719486190192,1.1751998809096018,0.3305840630363588
0,137,Conv2d,0.1024839002030492,-1.0,192.0,192.0,1.0,5.407333464969653,3.0771614159400795,power_law,0.8689843364666794,True,3.707420774071996,LAYER_TYPE.CONV2D,3.2592991996743246,1.9594646193930696,0.5690718791202475,model.6.m.4.cv1.conv,192.0,2.512131026922941,91.08872421214231,192.0,0.0,17.0,1.4518384858602473,1.9309825843074788,0.0,0.08035967078936963,0.7686631643066407,1.0,1.0087359236194047,0.0,1.0,1.068935376669962,3.707420774071996,24.569297569128153,1.9254663783281172,success,0.0,1.2273615754963574,0.6689446247698771,3.707420774071996,1.5085833487907434
0,140,Conv2d,0.11800582318958236,-1.0,192.0,192.0,1.0,2.633463395337876,0.7594208644347679,power_law,0.8934032784510907,True,1.942555461454711,LAYER_TYPE.CONV2D,2.2211128575383805,2.491526907837763,0.2883734270919431,model.6.m.4.cv2.conv,1728.0,0.8697666359663411,310.117952417759,1728.0,0.0,323.0,2.3605239716776376,0.7304303818716628,0.0,0.1279322585787463,0.8398004150390629,6.0,1.0087135020186846,0.0,9.0,0.09088833457571203,1.942555461454711,159.64432345500327,1.393755883020664,success,3.0,1.0699757840913064,0.4491916419776043,1.942555461454711,0.30687546451264386
0,144,Conv2d,0.07142857142857073,-1.0,192.0,192.0,1.0,5.886104423002199,2.3836826561875823,lognormal,0.8700764690597541,True,2.5407842146409023,LAYER_TYPE.CONV2D,2.445721251119171,1.7434069459632482,0.404967782574912,model.6.m.5.cv1.conv,192.0,1.4482254247090203,55.386885660302674,192.0,0.0,14.0,1.861860513048761,1.1691708927199576,0.0,0.07949932787415437,0.8073127793312075,1.0,1.0065981852508545,0.0,1.0,1.3058663362053575,2.5407842146409023,21.799130103667892,1.5939837560781172,success,1.0,1.1991330818464474,0.5280460753272096,2.5407842146409023,0.9697922571145122
0,147,Conv2d,0.11772330324629421,-1.0,192.0,192.0,1.0,3.9637247531134867,1.9003052364569255,lognormal,0.8954145759371245,True,3.0159498532119415,LAYER_TYPE.CONV2D,3.040336354354642,2.6981295197648683,0.4794241161584807,model.6.m.5.cv2.conv,1728.0,1.382873490963402,499.0332921082353,1728.0,0.0,114.0,1.8608317572622237,1.1759571028782758,0.0,0.11736647761022856,0.8503721494140623,7.0,1.0089574543890736,0.0,9.0,0.27757825531995506,3.0159498532119415,165.46471804787214,1.736649029945873,success,3.0,1.5738552086021573,0.4781560419759549,3.0159498532119415,1.0556826595182214
0,150,Conv2d,0.06976382499085718,-1.0,384.0,768.0,2.0,7.983063639566063,2.0759885869515493,power_law,0.921299854030597,True,1.8199066379493136,LAYER_TYPE.CONV2D,2.366363184942233,2.7145146262958,0.26004910904911616,model.7.conv,3456.0,0.9972775478880305,518.2205444954715,3456.0,0.0,24.0,2.582435919515018,0.4318724333497862,0.012713137446307003,0.16068071619947571,0.43305139503479,42.0,0.9941378477141405,0.0,9.0,1.4254118965266034,1.8199066379493136,284.75117002672556,1.3490391536013007,under-trained,0.0,0.8147311210867945,0.5523225729838315,1.8199066379493136,0.9792394720469837
0,154,Conv2d,0.10264895721239109,-1.0,384.0,768.0,2.0,4.813814371584067,3.7588050954067445,lognormal,0.889773840529687,True,6.037222058513926,LAYER_TYPE.CONV2D,3.7611352005167187,1.9840384621436806,0.78083715018073,model.8.cv1.conv,384.0,4.144658023001172,96.3914386375578,384.0,0.0,33.0,1.99593494139071,0.7076457412368264,0.020831145673868755,0.1408471463997788,0.17073682250976543,1.0,0.9835436578248851,0.0,1.0,0.6638998660555072,6.037222058513926,15.966190692227865,2.4570759163106715,success,0.0,1.8904714012711787,0.6868640273708067,6.037222058513926,0.7506244446702096
0,157,Conv2d,0.11027041571065321,-1.0,768.0,1536.0,2.0,7.834468754029166,4.753517307040369,power_law,0.8771317434355539,True,4.0433752716405476,LAYER_TYPE.CONV2D,5.147831378971784,2.49254613659513,0.606744050717631,model.8.cv2.conv,768.0,1.189936035458317,310.84661082356814,768.0,0.0,20.0,1.5718371236225697,1.2054414435550518,0.03548488297000882,0.23347909706412528,1.0130304551124572,0.0,1.0109272737642603,0.0,1.0,1.5282336724107506,4.0433752716405476,76.87800165465377,2.0108145791296987,under-trained,0.0,2.8748453402752636,0.28899863427496497,4.0433752716405476,2.4282153669009103
0,165,Conv2d,0.11591885417275061,-1.0,384.0,768.0,2.0,6.844623294983068,8.01373887268966,power_law,0.9113347734860877,True,14.818623964039066,LAYER_TYPE.CONV2D,8.339586536208593,2.9092863457407,1.170807877558948,model.9.cv1.conv,384.0,6.314074771290272,811.495929525406,384.0,0.0,15.0,0.6878954538677318,6.224738099895668,0.18323918111055484,0.13149488370668108,0.9858511857032779,0.0,1.0053616008687856,0.0,1.0,1.5090752457550225,14.818623964039066,54.76189499745016,3.8494965857939225,under-trained,0.0,8.534922643012745,0.42404081082529826,14.818623964039066,8.345661850097937
0,167,Conv2d,0.0994556653109398,-1.0,384.0,768.0,2.0,10.178228614305311,-1.0015241520662534,power_law,0.9244646021588883,True,0.797262488108953,LAYER_TYPE.CONV2D,-0.8874874505754394,1.7121592377733652,-0.09839866935771416,model.9.cv2,384.0,0.5462049611628079,51.54175921931944,384.0,0.0,13.0,2.7295181926958856,0.3931699843570271,0.011573843720756514,0.09565806688544481,0.7198213350534443,1.0,1.0025717968719428,0.0,1.0,2.5455826066775846,0.797262488108953,64.64841879312877,0.8928955639429244,under-trained,0.0,0.2400233695471643,0.6989405959428973,0.797262488108953,0.4945112717057235
0,168,Conv2d,0.07692307692307598,-1.0,384.0,384.0,1.0,5.937053927064058,-1.0802404899305424,power_law,0.8377783369884201,True,0.6577352083453005,LAYER_TYPE.CONV2D,-1.0233765950234814,1.2232932420218006,-0.18194890988041504,model.9.cv3,384.0,0.32121933696736865,16.72219340295263,384.0,0.0,13.0,4.792024073922407,0.1766563399001189,0.0,0.1808366601771002,0.5499554963531498,1.0,1.007055972804312,0.0,1.0,1.3692923910584855,0.6577352083453005,25.4238988437635,0.8110087597216817,success,2.0,0.3334173429534952,0.4930827197280636,0.6577352083453005,0.2534885844944911
0,170,Conv2d,0.09032955918333396,-1.0,768.0,768.0,1.0,5.498199972397121,9.48401230395333,lognormal,0.8670556753550707,True,53.07993773914413,LAYER_TYPE.CONV2D,9.49313410799217,3.2354591082046187,1.7249304047809058,model.9.cv4.conv,768.0,17.295542262869606,1719.7254097072646,768.0,0.0,28.0,0.6682686008406273,9.085484299728062,0.0,0.15359119597499976,0.525307860351563,1.0,1.0071521898721931,0.0,1.0,0.850079891028599,53.07993773914413,32.39878347556995,7.285597967163994,success,1.0,35.647057097991535,0.3284269233099835,53.07993773914413,11.371915854779333
0,177,Conv2d,0.12767665339336565,-1.0,384.0,384.0,1.0,9.861656599646322,10.706801568896182,lognormal,0.8397376718013837,True,12.181481255500254,LAYER_TYPE.CONV2D,10.843733524069986,2.6281173753069846,1.085700101266979,model.9.m.0.cv1.conv,384.0,5.015910095265148,424.73433995516905,384.0,0.0,8.0,0.9508388640594142,4.489800626391736,0.0,0.18639687195302135,0.8951118622779858,1.0,1.0073733488980512,0.0,1.0,3.133068737078218,12.181481255500254,34.86721614938171,3.49019788199756,under-trained,1.0,7.134906622214793,0.41428251026588425,12.181481255500254,8.105701567522994
0,180,Conv2d,0.08331460417117004,-1.0,384.0,384.0,1.0,1.7763468203357033,-0.3611313219896011,power_law,0.8197001990123804,True,0.6261811537266385,LAYER_TYPE.CONV2D,1.2777177401299247,1.8916170141009752,-0.2033000075522147,model.9.m.0.cv2.conv,3456.0,0.10473429211810235,77.91427145337335,3456.0,0.0,981.0,6.660063345214717,0.09173163955236716,0.0,0.3225402562435876,0.875851048374176,9.0,1.0085744036789799,0.0,9.0,0.024786846365513312,0.6261811537266385,124.42768516694625,0.7913160896422102,over-trained,36.0,0.5201953562766576,0.16925740549555,0.6261811537266385,0.01135974600450112
0,184,Conv2d,0.08803155264784956,-1.0,384.0,384.0,1.0,5.095105636752282,5.056060554555626,power_law,0.8305394824652782,True,9.82509475011853,LAYER_TYPE.CONV2D,5.309689317936499,2.44892306792437,0.9923367472668252,model.9.m.1.cv1.conv,384.0,3.5338102166849548,281.14027669482886,384.0,0.0,18.0,1.1687027830180345,2.9752648207678,0.0,0.2011083940255985,0.8419424469146726,1.0,1.007945142351622,0.0,1.0,0.9652256551409312,9.82509475011853,28.61451048005793,3.134500717836659,success,1.0,6.550006044699895,0.33333914722594654,9.82509475011853,3.7886030829046757
0,187,Conv2d,0.11609544124296334,-1.0,384.0,384.0,1.0,1.8617810869618099,-0.4712289957157484,power_law,0.858590692812391,True,0.5583331907364238,LAYER_TYPE.CONV2D,1.2693242411874546,1.9954970783771562,-0.2531065542645157,model.9.m.1.cv2.conv,3456.0,0.1316269827723423,98.96852059520619,3456.0,0.0,1089.0,5.909331147902745,0.11637375977389039,0.0,0.24278972920157266,0.8841178102149968,5.0,1.0079427488020165,0.0,9.0,0.02611457839278212,0.5583331907364238,177.25709708332013,0.7472169636299913,over-trained,28.0,0.42935376955633614,0.2310079775303487,0.5583331907364238,0.017461813642622833
0,190,Conv2d,0.07139394863634568,-1.0,384.0,768.0,2.0,5.1239920244526465,5.401751917780705,lognormal,0.9222823928088607,True,11.329420958257387,LAYER_TYPE.CONV2D,5.423815104282514,2.545318723149066,1.0542077138298687,model.10.conv,384.0,5.022269068264578,351.0093807322611,384.0,0.0,29.0,1.0459387440905934,2.721265064277298,0.08010656415750105,0.09623879846019356,0.5418397595367425,1.0,1.0107202947638565,0.0,1.0,0.7658060936201989,11.329420958257387,30.982111268134123,3.3659205216786368,success,0.0,6.3317715316608005,0.4411213463609609,11.329420958257387,2.5099309262486313
0,196,Conv2d,0.11957988183106427,-1.0,192.0,768.0,4.0,6.764298403223192,4.452801721626073,power_law,0.9434655497426342,True,4.552813985453463,LAYER_TYPE.CONV2D,4.843070091263443,2.3255792408978717,0.6582799066795028,model.13.cv1.conv,192.0,2.4900789320378784,211.63097895936295,192.0,0.0,16.0,0.952491248147546,2.48764780801189,0.27640531200132107,0.10154827291302515,0.9990236759185787,0.0,1.0015305058980717,0.0,1.0,1.441074600805798,4.552813985453463,46.48355492570917,2.1337324071807746,under-trained,0.0,1.9755136907929889,0.5660895224129772,4.552813985453463,2.596310685188849
0,198,Conv2d,0.12417720758010314,-1.0,192.0,768.0,4.0,4.283301204280836,-0.7735983140562492,lognormal,0.9522642266477291,True,0.6597691961518981,LAYER_TYPE.CONV2D,-0.10573245798842086,1.4782209038725045,-0.180607965016118,model.13.cv2,192.0,0.3596385493786433,30.07605732169948,192.0,0.0,34.0,2.5266213546496257,0.35385996866279484,0.039317774295866095,0.07801061423503015,0.9839322544097894,0.0,1.0019928458565652,0.0,1.0,0.5630815111308587,0.6597691961518981,45.58572527653306,0.8122617780936747,success,0.0,0.29413038679780135,0.554191998484749,0.6597691961518981,0.25877384238736667
0,199,Conv2d,0.17055174967629794,-1.0,192.0,192.0,1.0,2.126978123262851,-0.7560220422097881,power_law,0.8290815091640249,True,0.44111903405085623,LAYER_TYPE.CONV2D,0.24718298978127295,1.0295426411221429,-0.3554442022422058,model.13.cv3,192.0,0.254914468445201,10.703914739379725,192.0,0.0,58.0,4.235252366447402,0.22660826111323223,0.0,0.15865636419486048,0.8889580199012762,1.0,1.0080618221918123,0.0,1.0,0.14797947727658964,0.44111903405085623,24.265365838069187,0.6641679260931351,success,1.0,0.16807287235564372,0.61898521854247,0.44111903405085623,0.052634363297134105
0,201,Conv2d,0.07187614221622984,-1.0,384.0,384.0,1.0,4.777778136322528,6.967577818351247,lognormal,0.8627979582771661,True,28.729636531032416,LAYER_TYPE.CONV2D,6.992458103177239,2.8050596139959976,1.4583301316109698,model.13.cv4.conv,384.0,10.125867496476209,638.3511042701446,384.0,0.0,25.0,0.7755964367731096,6.742305075482883,0.0,0.1277419732931604,0.6658496250152589,1.0,1.006954876149627,0.0,1.0,0.7555556272645056,28.729636531032416,22.219254447602477,5.360003407744478,success,1.0,18.298109308465907,0.36309290621546353,28.729636531032416,6.068701233608812
0,208,Conv2d,0.08916135309922713,-1.0,192.0,192.0,1.0,3.547661616872866,5.598045149895041,power_law,0.8497648225028842,True,37.840208777125035,LAYER_TYPE.CONV2D,6.044669152043998,2.880245858869329,1.577953523884703,model.13.m.0.cv1.conv,192.0,21.797065603444633,759.0071356921346,192.0,0.0,22.0,0.5029533265326142,16.073914498822607,0.0,0.1163323759175738,0.7374347901344305,1.0,1.0082274472771704,0.0,1.0,0.5431632817489878,37.840208777125035,20.05821744173266,6.151439569493066,success,0.0,15.751625034023707,0.583733136177996,37.840208777125035,10.636364823683806
0,211,Conv2d,0.09589628667887001,-1.0,192.0,192.0,1.0,2.451862178848468,0.26169200659534003,power_law,0.8664001721247193,True,1.278591873623114,LAYER_TYPE.CONV2D,1.4890717329648366,2.1023477675897495,0.10673193985081383,model.13.m.0.cv2.conv,1728.0,0.40499701406018773,126.57495089973098,1728.0,0.0,276.0,3.694859981777511,0.29836687255134675,0.0,0.18444781655057965,0.7367137588500976,12.0,1.009121108368464,0.0,9.0,0.08739183348181821,1.278591873623114,98.99558530828033,1.1307483688350446,success,6.0,0.8694145800337105,0.32002181621092896,1.278591873623114,0.13375896535536072
0,215,Conv2d,0.11497679673280103,-1.0,192.0,192.0,1.0,3.171343905634187,3.8011249660958955,power_law,0.8576182446220678,True,15.79737454753747,LAYER_TYPE.CONV2D,4.283980336234991,2.521046623649445,1.1985849151657264,model.13.m.1.cv1.conv,192.0,9.373443862016732,331.93008996823687,192.0,0.0,29.0,0.7605491801725545,7.015994860408775,0.0,0.1031573822609259,0.7484970266733167,1.0,1.0072608123266358,0.0,1.0,0.40320844085542096,15.79737454753747,21.01172501603938,3.9745911170254318,success,1.0,6.862405206408077,0.5655983729601572,15.79737454753747,3.806223308186758
0,218,Conv2d,0.1012563343495988,-1.0,192.0,192.0,1.0,3.232611107318951,0.17309537021176422,power_law,0.8725389417438913,True,1.1312187923648698,LAYER_TYPE.CONV2D,1.276475754467822,2.108786100126358,0.053546611227023005,model.13.m.1.cv2.conv,1728.0,0.3398341303213303,128.46537830043417,1728.0,0.0,111.0,3.667573440277309,0.30215710393347794,0.0,0.18031099882307317,0.8891311289062496,2.0,1.0080108992159444,0.0,9.0,0.2119100683917623,1.1312187923648698,113.56368826924351,1.0635876984832373,success,8.0,0.7892732755859814,0.3022806189985883,1.1312187923648698,0.28904075264562784
0,221,Conv2d,0.09317072540039428,-1.0,192.0,384.0,2.0,4.727758563293505,3.561883602155659,lognormal,0.895639173933082,True,5.667583775892445,LAYER_TYPE.CONV2D,3.6421743258056174,2.049115717182359,0.7533979484084186,model.14.conv,192.0,2.168129598386683,111.97361959308633,192.0,0.0,16.0,1.3094615653592447,1.724426600418622,0.05076237956923239,0.13269938692453717,0.7953521789941788,1.0,1.0072897739834408,0.0,1.0,0.9319396408233762,5.667583775892445,19.756853011926484,2.3806687665218034,success,0.0,3.543004817842971,0.3748650292716542,5.667583775892445,1.696767760028137
0,227,Conv2d,0.14194245360932134,-1.0,96.0,384.0,4.0,5.590307488298373,2.3369223627830404,power_law,0.9100118519848021,True,2.618370476135041,LAYER_TYPE.CONV2D,2.6156102418112965,1.730946666890275,0.41803109536902655,model.17.cv1.conv,96.0,1.317645206481228,53.82036848799231,96.0,0.0,10.0,1.335556554536042,1.262255397444791,0.1402505997160879,0.1538622665480972,0.9579630322608955,0.0,1.0003331065179153,0.0,1.0,1.451582682354957,2.618370476135041,20.55490961975564,1.6181379657294495,success,0.0,1.373580812910898,0.4754062400908097,2.618370476135041,1.3458929981052823
0,229,Conv2d,0.07396972440624072,-1.0,96.0,384.0,4.0,2.6970095422113882,-1.2737658337939215,power_law,0.9039005582938746,True,0.33706354247236425,LAYER_TYPE.CONV2D,-0.8410584624697609,0.6558944117056514,-0.47228821917682534,model.17.cv2,96.0,0.1532646057193393,4.527874820962259,96.0,0.0,41.0,4.604562907425822,0.10448915991615794,0.011609906657350882,0.1558072666897507,0.6817566223182685,5.0,0.992276646785164,0.0,1.0,0.26502836416801373,0.33706354247236425,13.43329743629422,0.5805717375763001,success,0.0,0.19855467579337488,0.41092805725301984,0.33706354247236425,0.03999322232921288
0,230,Conv2d,0.12775720203423302,-1.0,96.0,96.0,1.0,4.94697182142713,-1.2726829555291579,power_law,0.8210630132080575,True,0.5530125019221769,LAYER_TYPE.CONV2D,-1.0338025704011775,0.8599236027622144,-0.25726505051367105,model.17.cv3,96.0,0.3543444039275584,7.243085349268453,96.0,0.0,10.0,3.6406071286194317,0.30839092082068953,0.0,0.12190046200456278,0.8703140712890628,3.0,1.010868378435768,0.0,1.0,1.2481420816213111,0.5530125019221769,13.097507423598431,0.7436481035558262,success,0.0,0.23392117025252124,0.5770056383183901,0.5530125019221769,0.25405276277462113
0,232,Conv2d,0.08009052081238366,-1.0,192.0,192.0,1.0,2.4716596633055476,3.506296712916268,power_law,0.7877156506028236,True,26.218034297880525,LAYER_TYPE.CONV2D,3.673553289892321,2.318480965862399,1.4186001272630786,model.17.cv4.conv,192.0,6.351801084988067,208.20011538537318,192.0,0.0,32.0,0.96030708143148,4.421168897618813,0.0,0.2098632987034738,0.6960496461496352,1.0,1.0095984818227501,0.0,1.0,0.260155131880516,26.218034297880525,7.941103174245376,5.120354899602226,success,1.0,20.273051363503235,0.22675166516422954,26.218034297880525,1.8375498354223847
0,239,Conv2d,0.12047667793326017,-1.0,96.0,96.0,1.0,2.7713647839721656,5.077168874562495,power_law,0.8067220286789749,True,67.92197667732093,LAYER_TYPE.CONV2D,5.329907621302237,2.7678995990020243,1.832010316334267,model.17.m.0.cv1.conv,96.0,24.94417188708704,586.0026756758064,96.0,0.0,18.0,0.40474903037201626,24.866282248797038,0.0,0.1560218149266793,0.99687744140625,0.0,1.0091628411683824,0.0,1.0,0.4175146835672541,67.92197667732093,8.62758571441093,8.241479034573887,success,0.0,43.25790457079742,0.36312359140688577,67.92197667732093,10.976411274219627
0,242,Conv2d,0.12401092485826265,-1.0,96.0,96.0,1.0,2.6073509266010575,0.17376975293980293,power_law,0.847718582254838,True,1.1658591706900319,LAYER_TYPE.CONV2D,1.3313190258417582,1.8730647553175663,0.06664609323085219,model.17.m.0.cv2.conv,864.0,0.47496723369478344,74.65600656732053,864.0,0.0,109.0,3.4019231106508703,0.3526593161131099,0.0,0.19073756730969438,0.7424918838500989,5.0,1.0101181587019878,0.0,9.0,0.15395629670730665,1.1658591706900319,64.03518404640091,1.0797495870293408,success,6.0,0.6843590071243069,0.4130002796827868,1.1658591706900319,0.20315715988432842
0,246,Conv2d,0.12247478738045775,-1.0,96.0,96.0,1.0,4.109311488555003,4.788636440424775,lognormal,0.8191603105775102,True,14.632332787431036,LAYER_TYPE.CONV2D,4.887025991938231,2.1411248944163854,1.165313569867309,model.17.m.1.cv1.conv,96.0,6.361696775917417,138.39643222381326,96.0,0.0,9.0,0.8328622336004012,5.876689065243948,0.0,0.13120818874059856,0.9237612656249989,0.0,1.0095074541057405,0.0,1.0,1.0364371628516675,14.632332787431036,9.458261661646585,3.82522323367291,success,0.0,8.669056851814108,0.4075410272748373,14.632332787431036,4.651233881781384
0,249,Conv2d,0.08140170247398659,-1.0,96.0,96.0,1.0,3.1399462130415,1.3541240928351914,power_law,0.8233682683047479,True,2.699336942301769,LAYER_TYPE.CONV2D,2.0224395219180216,1.995801893223972,0.4312570983575935,model.17.m.1.cv2.conv,864.0,0.5759231579707955,99.03800723328922,864.0,0.0,42.0,2.95362887194212,0.4688696993191161,0.0,0.23678754793881993,0.8141185031890869,6.0,1.0112348137924028,0.0,9.0,0.33020086941099586,2.699336942301769,36.689753576609036,1.6429658980945918,success,1.0,2.107073245610286,0.21941080693188666,2.699336942301769,0.5742988758495688
0,252,Conv2d,0.07229041767843894,-1.0,192.0,192.0,1.0,2.8944882989366567,-0.65633590023167,power_law,0.7977452279867039,True,0.5932616984430317,LAYER_TYPE.CONV2D,-0.057368315228837286,1.3755040182029274,-0.22675368923508413,model.18.conv,1728.0,0.10951841522487073,23.741273886633547,1728.0,0.0,68.0,8.531391265557307,0.056166103640929714,0.0,0.29419142071225346,0.5128462051391597,26.0,1.0109437992607082,0.0,9.0,0.22974045185331063,0.5932616984430317,40.018214472534865,0.7702348333093172,success,36.0,0.4836745896488553,0.18471967612569473,0.5932616984430317,0.08784067265532246
0,257,Conv2d,0.141349776974256,-1.0,192.0,384.0,2.0,3.394759879367523,2.5466145740856803,lognormal,0.8738827495272451,True,5.625491110404339,LAYER_TYPE.CONV2D,3.367516340084504,2.2525069387189096,0.7501604427350954,model.20.cv1.conv,192.0,2.827544340130709,178.85741049113795,192.0,0.0,37.0,1.0360891958732752,2.751285588273723,0.08099028587323186,0.17947267183944116,0.9730300420846943,0.0,1.0067097948198516,0.0,1.0,0.3936960990075204,5.625491110404339,31.794097080758227,2.371811778030529,success,0.0,2.8297735849337364,0.4969730589921165,5.625491110404339,1.8552957736350184
0,259,Conv2d,0.05983154435049087,-1.0,192.0,384.0,2.0,2.765098481119458,-1.3609088342643256,power_law,0.8597539152956659,True,0.3219780528249543,LAYER_TYPE.CONV2D,-0.9798702414988524,0.6935537275577294,-0.4921737303596354,model.20.cv2,192.0,0.09545812428304469,4.938030039633641,192.0,0.0,42.0,6.235535420875721,0.07559761292267902,0.0022253859461326703,0.19701173150680573,0.7919453005228042,1.0,1.0043084211196565,0.0,1.0,0.2723606086497326,0.3219780528249543,15.336542339791826,0.5674310996279234,success,0.0,0.2377404683565284,0.26162523727734405,0.3219780528249543,0.0382014996224116
0,260,Conv2d,0.125000000000001,-1.0,192.0,192.0,1.0,5.618638100669215,-1.8227927680795746,power_law,0.8156751336750261,True,0.4737847013198798,LAYER_TYPE.CONV2D,-1.7098643894192014,0.8760343217143304,-0.3244189669134356,model.20.cv3,192.0,0.1941274213304155,7.516822961213987,192.0,0.0,8.0,5.053979238122728,0.15925335375767252,0.0,0.1746407108151545,0.8203547580566405,1.0,1.0084346305961351,0.0,1.0,1.632935160414879,0.4737847013198798,15.8654826554624,0.6883202026091344,success,2.0,0.2796332104710151,0.4097884340882963,0.4737847013198798,0.21906777587538034
0,262,Conv2d,0.06449872641831178,-1.0,384.0,384.0,1.0,2.503325269896684,3.5965901476782625,lognormal,0.7589020201307792,True,27.335376479338994,LAYER_TYPE.CONV2D,3.7256807550909796,2.3529867858514537,1.4367250596350587,model.20.cv4.conv,384.0,3.5532848410195816,225.41706241323624,384.0,0.0,48.0,1.3051854366597397,2.3962335473666614,0.0,0.28763189662610605,0.6743713646888733,3.0,1.0101986774535,0.0,1.0,0.21698631231360432,27.335376479338994,8.246349289669162,5.228324442815212,success,2.0,23.79564611920129,0.12949265077117747,27.335376479338994,1.30784113460241
0,269,Conv2d,0.11247085779563293,-1.0,192.0,192.0,1.0,3.816797080174461,2.6481080955412875,power_law,0.8331570149647685,True,4.940873577447518,LAYER_TYPE.CONV2D,3.2717479679277623,2.0795084000789292,0.6938037417017322,model.20.m.0.cv1.conv,192.0,2.580150318201288,120.09043005567537,192.0,0.0,26.0,1.2644347250300372,2.546617244394353,0.0,0.15389028565803695,0.9870034417877203,0.0,1.0089003122225322,0.0,1.0,0.5524193568323369,4.940873577447518,24.30550552918918,2.222807588939609,success,1.0,2.3983991606373753,0.514579937526675,4.940873577447518,1.7659430603247366
0,272,Conv2d,0.11100361897072591,-1.0,192.0,192.0,1.0,2.0230213465550313,-0.02189464327463358,power_law,0.8310071294280366,True,0.9753876567962863,LAYER_TYPE.CONV2D,1.4138206348990516,1.9382497731059687,-0.01082274456071242,model.20.m.0.cv2.conv,1728.0,0.3407771682335174,86.7460629601906,1728.0,0.0,342.0,4.463206516751515,0.20474531757124476,0.0,0.2551043003250107,0.6008187656249997,16.0,1.009773516216917,0.0,9.0,0.05531865889508784,0.9753876567962863,88.93496073664983,0.9876171610478861,success,14.0,0.6106093850333358,0.3739828664236786,0.9753876567962863,0.05830982091463386
0,276,Conv2d,0.09936697519140275,-1.0,192.0,192.0,1.0,3.6046144514701965,4.3653611689937515,power_law,0.844808625867009,True,16.257284765374582,LAYER_TYPE.CONV2D,4.6330766122594165,2.4475223580680865,1.2110480129749446,model.20.m.1.cv1.conv,192.0,7.458403390015146,280.23498867205814,192.0,0.0,21.0,0.8277314092252626,5.9378399654760035,0.0,0.12439908265458799,0.7961274893531798,1.0,1.008494847935283,0.0,1.0,0.5683734704780029,16.257284765374582,17.237502615991193,4.032032336846343,success,1.0,9.254330185327591,0.4307579451989526,16.257284765374582,4.10762111001462
0,279,Conv2d,0.06014995955734748,-1.0,192.0,192.0,1.0,3.0707523708896414,1.3445628258652684,power_law,0.8302484570453669,True,2.740697096658274,LAYER_TYPE.CONV2D,1.8591490464831821,2.080517420364941,0.4378610397281006,model.20.m.1.cv2.conv,1728.0,0.6592822719350344,120.36976713905513,1728.0,0.0,76.0,3.7889001373793003,0.28388355192357034,0.0,0.24595398873756041,0.4305948514137268,16.0,1.0093767069534332,0.0,9.0,0.23753158741592637,2.740697096658274,43.91939820194713,1.6555050880798508,success,11.0,2.1040833886750465,0.23228167343244507,2.740697096658274,0.37030537294356897
0,282,Conv2d,0.062212941299069735,-1.0,384.0,384.0,1.0,2.9301748307170854,0.45050052901723164,power_law,0.7819781483624362,True,1.4247716760031675,LAYER_TYPE.CONV2D,0.9583880668240436,1.7922364597593852,0.15374527290816403,model.21.conv,3456.0,0.17131053215999745,61.977843319635575,3456.0,0.0,70.0,7.4673866156301,0.07324359263769367,0.0,0.34246618582157995,0.42754868433475524,69.0,1.0104700847341845,0.0,9.0,0.23070001786902306,1.4247716760031675,43.50019330360256,1.1936380004017833,success,93.0,1.2531849920684452,0.12043100436700474,1.4247716760031675,0.18666776440368943
0,287,Conv2d,0.12430497900428555,-1.0,384.0,768.0,2.0,3.423707766061859,2.9840726414162364,lognormal,0.8638100165365531,True,7.440308301326841,LAYER_TYPE.CONV2D,3.784517203064514,2.492631187637958,0.8715909316199275,model.23.cv1.conv,384.0,2.378401742952802,310.9074921343767,384.0,0.0,43.0,1.1113478620442967,2.416739499725962,0.07114216851866262,0.22920159390533168,1.016119125747681,0.0,1.012055317407933,0.0,1.0,0.36961196922846457,7.440308301326841,41.78690983529972,2.7276928531868907,success,0.0,5.048139793471259,0.3215147022105229,7.440308301326841,2.298269841923093
0,289,Conv2d,0.06315359778542753,-1.0,384.0,768.0,2.0,2.64470901156362,-1.2351655366791128,power_law,0.8242461681342866,True,0.34116723858067677,LAYER_TYPE.CONV2D,-0.8935549766886157,0.7246050036124027,-0.46703267969312473,model.23.cv2,384.0,0.04500504515429301,5.304018175477358,384.0,0.0,47.0,8.508698017656087,0.04034228554056762,0.001187566006464704,0.284620467705498,0.8963947353515628,1.0,1.0011120120028885,0.0,1.0,0.239905465988238,0.34116723858067677,15.546680852309041,0.5840952307463885,success,0.0,0.29449012233306926,0.13681593942546638,0.34116723858067677,0.03149612609731841
0,290,Conv2d,0.12235913953850558,-1.0,384.0,384.0,1.0,1.6410772800881013,-0.6555791556271805,power_law,0.7587979494462422,True,0.3985832304551818,LAYER_TYPE.CONV2D,0.2405332845550031,0.8437791510692042,-0.399480977271214,model.23.cv3,384.0,0.09447482627503313,6.978774267868496,384.0,0.0,154.0,7.41781566284591,0.07389187542979266,0.0,0.3121311391346722,0.7821329590454094,2.0,1.0081946434351097,0.0,1.0,0.05165947940099227,0.3985832304551818,17.50895104116332,0.6313344838159736,over-trained,6.0,0.30590224204344774,0.23252606063203515,0.3985832304551818,0.004523344546198521
0,292,Conv2d,0.09005765378305042,-1.0,768.0,768.0,1.0,1.639478870849124,1.98439945638631,power_law,0.6117387861243959,True,16.23245779140177,LAYER_TYPE.CONV2D,2.301057926750964,1.9738212331296299,1.2103842822680257,model.23.cv4.conv,768.0,1.266892791764427,94.15019701249402,768.0,0.0,135.0,2.8560775365310076,0.5002795583940243,0.0,0.5013804181047744,0.39488705093765264,6.0,1.0100581487184388,0.0,1.0,0.05503757815667068,16.23245779140177,5.80011962589946,4.028952443427667,over-trained,26.0,14.934930710375989,0.07993411088449423,16.23245779140177,0.0564649640805735
0,299,Conv2d,0.08083695515493017,-1.0,384.0,384.0,1.0,4.133832544528367,3.566664638015576,power_law,0.8179737767196056,True,7.29119190171714,LAYER_TYPE.CONV2D,4.086507683054508,2.3549226565687125,0.8627985288703803,model.23.m.0.cv1.conv,384.0,2.6086420379562276,226.4241033379537,384.0,0.0,31.0,1.3022797392578684,2.3999003592079227,0.0,0.22385328194261225,0.9199807119140632,1.0,1.0087206082726983,0.0,1.0,0.5628529406613539,7.29119190171714,31.05447043365144,2.7002207135190153,success,0.0,4.533820013716842,0.3781784823618361,7.29119190171714,2.443192846617889
0,302,Conv2d,0.08161378101422012,-1.0,384.0,384.0,1.0,2.949738453118064,0.2307497022398093,power_law,0.8241415497296467,True,1.1973666941117584,LAYER_TYPE.CONV2D,1.1514182788859095,2.045476154004589,0.07822717366547939,model.23.m.0.cv2.conv,3456.0,0.22540861777108484,111.03915649087135,3456.0,0.0,143.0,5.578902736314714,0.13078153937822554,0.0,0.30073003849090135,0.5801976014556885,27.0,1.0087696713930283,0.0,9.0,0.16304532030235658,1.1973666941117584,92.73613257903706,1.0942425207017676,success,34.0,0.9574931427862796,0.2003342438912785,1.1973666941117584,0.1991117417765615
0,306,Conv2d,0.06873448750156486,-1.0,384.0,384.0,1.0,2.8380222647767033,3.611733212162628,power_law,0.8288677689447272,True,18.733688005028238,LAYER_TYPE.CONV2D,4.029127529361275,2.588634691236708,1.2726232831181825,model.23.m.1.cv1.conv,384.0,7.05993849044474,387.8240088363298,384.0,0.0,48.0,0.9950577042036879,4.095361179259085,0.0,0.19082215189538027,0.5800845410766601,1.0,1.0068490752153942,0.0,1.0,0.26529566233633883,18.733688005028238,20.701957283170053,4.328243062147531,success,1.0,11.720084671967353,0.3743845489034722,18.733688005028238,2.4800192730196033
0,309,Conv2d,0.04649484844434926,-1.0,384.0,384.0,1.0,2.7202681787128906,1.6350099350459844,power_law,0.8143485041015075,True,3.9906839416257966,LAYER_TYPE.CONV2D,2.08867712096921,2.187634272434527,0.6010473334359254,model.23.m.1.cv2.conv,3456.0,0.49500864342241985,154.04027044578663,3456.0,0.0,120.0,4.736632937958063,0.18129025493029152,0.0,0.28088032751755077,0.3662365442285539,59.0,1.0083863653999399,0.0,9.0,0.15703828107322976,3.9906839416257966,38.599967499062565,1.9976696277477406,success,30.0,3.4883473575863713,0.1258773161160878,3.9906839416257966,0.25989402453617433
